{
	"class_name" : "PinholeCameraParameters",
	"extrinsic" : 
	[
		0.77184634250605799,
		0.32224142936995093,
		0.54810006819706925,
		0.0,
		-0.48469412444445409,
		-0.25970032195380821,
		0.83524089250114686,
		0.0,
		0.41149098324148631,
		-0.91033851065122984,
		-0.044260216179494841,
		0.0,
		-142954.63164822245,
		-22022.769866617407,
		-873012.88441433443,
		1.0
	],
	"intrinsic" : 
	{
		"height" : 1080,
		"intrinsic_matrix" : 
		[
			935.30743608719376,
			0.0,
			0.0,
			0.0,
			935.30743608719376,
			0.0,
			959.5,
			539.5,
			1.0
		],
		"width" : 1920
	},
	"version_major" : 1,
	"version_minor" : 0
}